id,title,overview,genres,cast,director,poster_url,backdrop_url,release_year,average_rating,vote_count,runtime,language
1,The Shawshank Redemption,Two imprisoned men bond over a number of years finding solace and eventual redemption through acts of common decency.,Drama|Crime,Tim Robbins|Morgan Freeman|Bob Gunton,Frank Darabont,https://image.tmdb.org/t/p/w500/q6y0Go1tsGEsmtFryDOJo3dEmqu.jpg,https://image.tmdb.org/t/p/original/j9XKiZrVeViAixVRzCta7h1VU9W.jpg,1994,9.3,24000,142,en
2,The Godfather,The aging patriarch of an organized crime dynasty transfers control of his clandestine empire to his reluctant son.,Crime|Drama,Marlon Brando|Al Pacino|James Caan,Francis Ford Coppola,https://image.tmdb.org/t/p/w500/3bhkrj58Vtu7enYsLegHnDcdh9b.jpg,https://image.tmdb.org/t/p/original/tmU7GeKVPlr6e694KQ7xgkCNpJA.jpg,1972,9.2,18000,175,en
3,The Dark Knight,When the menace known as the Joker wreaks havoc and chaos on the people of Gotham the caped crusader must come to terms with one of the greatest psychological tests of his ability to fight injustice.,Action|Crime|Drama,Christian Bale|Heath Ledger|Aaron Eckhart,Christopher Nolan,https://image.tmdb.org/t/p/w500/qJ2tW6WMUDux911r6m7haRef0WH.jpg,https://image.tmdb.org/t/p/original/hkBaDkMWbLaf8B1lsWsKX7Ew3Xq.jpg,2008,9.0,29000,152,en
4,Pulp Fiction,The lives of two mob hitmen a boxer a gangster and his wife and a pair of bandits intertwine in four tales of violence and redemption.,Crime|Drama|Thriller,John Travolta|Uma Thurman|Samuel L. Jackson,Quentin Tarantino,https://image.tmdb.org/t/p/w500/d5iIlFn5s0ImszYzBPb8JPIfbXD.jpg,https://image.tmdb.org/t/p/original/4cDFJr4HnXN5AdPw4AKrmLlMWdO.jpg,1994,8.9,24000,154,en
5,Inception,A thief who steals corporate secrets through the use of dream-sharing technology is given the inverse task of planting an idea into the mind of a C.E.O.,Action|Science Fiction|Thriller,Leonardo DiCaprio|Joseph Gordon-Levitt|Elliot Page,Christopher Nolan,https://image.tmdb.org/t/p/w500/9gk7adHYeDvHkCSEqAvQNLV5Uge.jpg,https://image.tmdb.org/t/p/original/s3TBrRGB1iav7gFOCNx3H31MoES.jpg,2010,8.8,32000,148,en
6,Interstellar,A team of explorers travel through a wormhole in space in an attempt to ensure humanity's survival.,Adventure|Drama|Science Fiction,Matthew McConaughey|Anne Hathaway|Jessica Chastain,Christopher Nolan,https://image.tmdb.org/t/p/w500/gEU2QniE6E77NI6lCU6MxlNBvIx.jpg,https://image.tmdb.org/t/p/original/xJHokMbljvjADYdit5fK5VQsXEG.jpg,2014,8.6,30000,169,en
7,Forrest Gump,The presidencies of Kennedy and Johnson wars plus flashbacks to the civil rights movement the space race and early Vietnam all seen through the eyes of an Alabama man with an IQ of 75.,Comedy|Drama|Romance,Tom Hanks|Robin Wright|Gary Sinise,Robert Zemeckis,https://image.tmdb.org/t/p/w500/arw2vcBveWOVZr6pxd9XTd1TdQa.jpg,https://image.tmdb.org/t/p/original/7c9UVPPiTPltouxRVY6N9uugaVA.jpg,1994,8.8,24000,142,en
8,Fight Club,An insomniac office worker and a devil-may-care soapmaker form an underground fight club that evolves into something much more.,Drama|Thriller,Brad Pitt|Edward Norton|Helena Bonham Carter,David Fincher,https://image.tmdb.org/t/p/w500/pB8BM7pdSp6B6Ih7QZ4DrQ3PmJK.jpg,https://image.tmdb.org/t/p/original/87hTDiay2N2qWyX4Ds7ybXi9h8I.jpg,1999,8.8,26000,139,en
9,The Matrix,A computer hacker learns from mysterious rebels about the true nature of his reality and his role in the war against its controllers.,Action|Science Fiction,Keanu Reeves|Laurence Fishburne|Carrie-Anne Moss,Lana Wachowski,https://image.tmdb.org/t/p/w500/f89U3ADr1oiB1s9GkdPOEpXUk5H.jpg,https://image.tmdb.org/t/p/original/ncEsesgOJDNrTUED89hYbA117eo.jpg,1999,8.7,24000,136,en
10,Goodfellas,The story of Henry Hill and his life in the mob covering his relationship with his wife Karen Hill and his mob partners Jimmy Conway and Tommy DeVito.,Crime|Drama,Ray Liotta|Robert De Niro|Joe Pesci,Martin Scorsese,https://image.tmdb.org/t/p/w500/aKuFiU82s5ISJpGZp7YkIr3kCUd.jpg,https://image.tmdb.org/t/p/original/sw7mordbZxgITU877yTpZCud90M.jpg,1990,8.7,18000,146,en
11,The Silence of the Lambs,A young FBI cadet must receive the help of an incarcerated and manipulative cannibal killer to help catch another serial killer.,Crime|Drama|Thriller,Jodie Foster|Anthony Hopkins|Lawrence A. Bonney,Jonathan Demme,https://image.tmdb.org/t/p/w500/rplLJ2hPcOQmkFhTqUte0MkEaO2.jpg,https://image.tmdb.org/t/p/original/mfwq2nMBzArzQ7Y9RKE8SKeeTkg.jpg,1991,8.6,16000,118,en
12,Schindler's List,In German-occupied Poland during World War II industrialist Oskar Schindler gradually becomes concerned for his Jewish workforce after witnessing their persecution by the Nazis.,Drama|History|War,Liam Neeson|Ralph Fiennes|Ben Kingsley,Steven Spielberg,https://image.tmdb.org/t/p/w500/sF1U4EUQS8YHUYjNl3pMGNIQyr0.jpg,https://image.tmdb.org/t/p/original/loRmRzQadnG3YtLHqoQmXNDupF2.jpg,1993,9.0,16000,195,en
13,The Lord of the Rings: The Return of the King,Gandalf and Aragorn lead the World of Men against Sauron's army to draw his gaze from Frodo and Sam as they approach Mount Doom with the One Ring.,Action|Adventure|Fantasy,Elijah Wood|Viggo Mortensen|Ian McKellen,Peter Jackson,https://image.tmdb.org/t/p/w500/rCzpDGLbOoPwLjy3OAm5NUPOTrC.jpg,https://image.tmdb.org/t/p/original/8BPZO0Bf8TeAy8znF43z8soK3ys.jpg,2003,8.9,20000,201,en
14,The Lord of the Rings: The Fellowship of the Ring,A meek Hobbit from the Shire and eight companions set out on a journey to destroy the powerful One Ring and save Middle-earth from the Dark Lord Sauron.,Action|Adventure|Fantasy,Elijah Wood|Ian McKellen|Orlando Bloom,Peter Jackson,https://image.tmdb.org/t/p/w500/6oom5QYQ2yQTMJIbnvbkBL9cHo6.jpg,https://image.tmdb.org/t/p/original/xHWAaB9N8zNiN7UPO7vRiL0oDsI.jpg,2001,8.8,20000,178,en
15,Star Wars: A New Hope,Luke Skywalker joins forces with a Jedi Knight a cocky pilot a Wookiee and two droids to save the galaxy from the Empire's world-destroying battle station.,Action|Adventure|Science Fiction,Mark Hamill|Harrison Ford|Carrie Fisher,George Lucas,https://image.tmdb.org/t/p/w500/6FfCtAuVAW8XJjZ7eWeLibRLWTw.jpg,https://image.tmdb.org/t/p/original/zqkmTXzjkAgXmEWLRsY4UpTWCeo.jpg,1977,8.6,20000,121,en
16,The Empire Strikes Back,After the Rebels are overpowered by the Empire on their newly established base the friends must spread out and find new ways to fight the Imperials.,Action|Adventure|Science Fiction,Mark Hamill|Harrison Ford|Carrie Fisher,Irvin Kershner,https://image.tmdb.org/t/p/w500/2l05cFWJacyIsTpsqSgH0wQXe4V.jpg,https://image.tmdb.org/t/p/original/ig4CYFyNvDJvpbhKuYBbuJHFkya.jpg,1980,8.7,18000,124,en
17,Gladiator,A former Roman General sets out to exact vengeance against the corrupt emperor who murdered his family and sent him into slavery.,Action|Adventure|Drama,Russell Crowe|Joaquin Phoenix|Connie Nielsen,Ridley Scott,https://image.tmdb.org/t/p/w500/ty8TGRuvJLPUmAR1H1nRIsgwvim.jpg,https://image.tmdb.org/t/p/original/oBIQDKcqNxKckjugtmzpIIOgoc4.jpg,2000,8.5,19000,155,en
18,Saving Private Ryan,Following the Normandy Landings a group of U.S. soldiers go behind enemy lines to retrieve a paratrooper whose brothers have been killed in action.,Drama|History|War,Tom Hanks|Matt Damon|Tom Sizemore,Steven Spielberg,https://image.tmdb.org/t/p/w500/uqx37cS8cpHg8U35f9U5IBlrCV3.jpg,https://image.tmdb.org/t/p/original/6e1EMZ7KN8AO5TcpnGYeblPrOG7.jpg,1998,8.6,18000,169,en
19,The Green Mile,The lives of guards on Death Row are affected by one of their charges a black man accused of child murder and rape yet who has a mysterious gift.,Crime|Drama|Fantasy,Tom Hanks|Michael Clarke Duncan|David Morse,Frank Darabont,https://image.tmdb.org/t/p/w500/velWPhVMQeQKcxggNEU8YmU1K8e.jpg,https://image.tmdb.org/t/p/original/l6hQWH9eDuW4iDmhv8rDuuDBkPG.jpg,1999,8.6,16000,189,en
20,The Departed,An undercover cop and a mole in the police attempt to identify each other while infiltrating an Irish gang in South Boston.,Crime|Drama|Thriller,Leonardo DiCaprio|Matt Damon|Jack Nicholson,Martin Scorsese,https://image.tmdb.org/t/p/w500/nT97ifVT2J1yMQmeq20Qblg61T.jpg,https://image.tmdb.org/t/p/original/8Em4jDEZXqX26Jh5DP31lVlNAkO.jpg,2006,8.5,18000,151,en
21,Whiplash,A promising young drummer enrolls at a cut-throat music conservatory where his dreams of greatness are mentored by an instructor who will stop at nothing to realise a student's potential.,Drama|Music,Miles Teller|J.K. Simmons|Melissa Benoist,Damien Chazelle,https://image.tmdb.org/t/p/w500/7fn624j5lj3xTme2SgiLCeuedmO.jpg,https://image.tmdb.org/t/p/original/fRGxZuo7jJUWQsVg9PREb98Aclp.jpg,2014,8.5,15000,107,en
22,The Prestige,After a tragic accident two stage magicians engage in a battle to create the ultimate illusion while sacrificing everything they have to outwit each other.,Drama|Mystery|Science Fiction,Hugh Jackman|Christian Bale|Michael Caine,Christopher Nolan,https://image.tmdb.org/t/p/w500/tRNlZbgNCkfZXo5SAKaa0GfjMe5.jpg,https://image.tmdb.org/t/p/original/yrxPnPQiHBRMFuXsm6yrSfYjMl5.jpg,2006,8.5,15000,130,en
23,Parasite,Greed and class discrimination threaten the newly formed symbiotic relationship between the wealthy Park family and the destitute Kim clan.,Comedy|Drama|Thriller,Song Kang-ho|Lee Sun-kyun|Cho Yeo-jeong,Bong Joon-ho,https://image.tmdb.org/t/p/w500/7IiTTgloJzvGI1TAYymCfbfl3vT.jpg,https://image.tmdb.org/t/p/original/TU9NIjwzjoKPwQHoHshkFcQUCG.jpg,2019,8.6,17000,132,en
24,Joker,In Gotham City mentally troubled comedian Arthur Fleck is disregarded and mistreated by society. He then embarks on a downward spiral of revolution and bloody crime.,Crime|Drama|Thriller,Joaquin Phoenix|Robert De Niro|Zazie Beetz,Todd Phillips,https://image.tmdb.org/t/p/w500/udDclJoHjfjb8Ekgsd4FDteOkCU.jpg,https://image.tmdb.org/t/p/original/n6bUvigpRFqSwmPp1m2YADwJtzu.jpg,2019,8.4,22000,122,en
25,1917,Two British soldiers are sent to deliver an urgent message to a battalion that is about to walk into a deadly trap in World War I France.,Drama|War,George MacKay|Dean-Charles Chapman|Mark Strong,Sam Mendes,https://image.tmdb.org/t/p/w500/iZf0KyrE25z1sage4SYFLCCrMi9.jpg,https://image.tmdb.org/t/p/original/pAiNDkBFRtBVJVYwZaM8BLnDH1g.jpg,2019,8.3,14000,119,en
26,Avengers: Endgame,After the devastating events of Infinity War the universe is in ruins. The Avengers assemble once more in order to reverse Thanos's actions and restore balance to the universe.,Action|Adventure|Science Fiction,Robert Downey Jr.|Chris Evans|Mark Ruffalo,Anthony Russo,https://image.tmdb.org/t/p/w500/or06FN3Dka5tukK1e9sl16pB3iy.jpg,https://image.tmdb.org/t/p/original/7RyHsO4yDXtBv1zUU3mTpHeQ0d5.jpg,2019,8.4,28000,181,en
27,Avengers: Infinity War,The Avengers and their allies must be willing to sacrifice all in an attempt to defeat the powerful Thanos before his blitz of devastation and ruin puts an end to the universe.,Action|Adventure|Science Fiction,Robert Downey Jr.|Chris Hemsworth|Mark Ruffalo,Anthony Russo,https://image.tmdb.org/t/p/w500/7WsyChQLEftFiDOVTGkv3hFpyyt.jpg,https://image.tmdb.org/t/p/original/mDfJG3LC3Dqb67AZ52x3Z0jU0uB.jpg,2018,8.4,27000,149,en
28,The Lion King,Lion cub and future king Simba searches for his identity. His eagerness to please others and penchant for testing his boundaries sometimes gets him into trouble.,Animation|Adventure|Drama,Matthew Broderick|Jeremy Irons|James Earl Jones,Roger Allers,https://image.tmdb.org/t/p/w500/sKCr78MXSLixwmZ8DyJLrpMsd15.jpg,https://image.tmdb.org/t/p/original/wXTAPqI1pdlkFE5BmFtQ5tWnksa.jpg,1994,8.5,18000,88,en
29,Toy Story,A cowboy doll is profoundly threatened and jealous when a new spaceman figure supplants him as top toy in a boy's room.,Animation|Adventure|Comedy,Tom Hanks|Tim Allen|Don Rickles,John Lasseter,https://image.tmdb.org/t/p/w500/uXDfjJbdP4ijW5hWSBrPl9zlxB2.jpg,https://image.tmdb.org/t/p/original/gMdQqDHBKDPtWFAHxpRLqHqoJTI.jpg,1995,8.3,17000,81,en
30,Up,Seventy-eight year old Carl Fredricksen travels to Paradise Falls in his house equipped with balloons inadvertently taking a young stowaway.,Animation|Adventure|Comedy|Drama,Edward Asner|Jordan Nagai|John Ratzenberger,Pete Docter,https://image.tmdb.org/t/p/w500/vpXCdS21Ghm6rBLWFBr3bQFZbPP.jpg,https://image.tmdb.org/t/p/original/uBQ1pBt2K6hV8TqMaTvhpzZHXxb.jpg,2009,8.3,18000,96,en
31,WALL-E,In the distant future a small waste-collecting robot inadvertently embarks on a space journey that will ultimately decide the fate of mankind.,Animation|Family|Science Fiction,Ben Burtt|Elissa Knight|Jeff Garlin,Andrew Stanton,https://image.tmdb.org/t/p/w500/hbhFnRzzg6ZDmm8YAmxBnQpQIPh.jpg,https://image.tmdb.org/t/p/original/vSNxiwt6hBMqZcFynNWxCmdKDkH.jpg,2008,8.4,17000,98,en
32,Finding Nemo,After his son is captured in the Great Barrier Reef and taken to Sydney a timid clownfish sets out on a journey to bring him home.,Animation|Adventure|Comedy|Family,Albert Brooks|Ellen DeGeneres|Alexander Gould,Andrew Stanton,https://image.tmdb.org/t/p/w500/eHuGQ10FUzK1mdOY69wF5pGgEf5.jpg,https://image.tmdb.org/t/p/original/74pBpDGFXELObXSKHnJmsiMPBvE.jpg,2003,8.2,17000,100,en
33,Spirited Away,During her family's move to the suburbs a sullen 10-year-old girl wanders into a world ruled by gods witches and spirits where humans are changed into beasts.,Animation|Adventure|Family|Fantasy,Daveigh Chase|Suzanne Pleshette|Miyu Irino,Hayao Miyazaki,https://image.tmdb.org/t/p/w500/39wmItIWsg5sZMyRUHLkWBcuVCM.jpg,https://image.tmdb.org/t/p/original/bSXfU4dwZyBA1vMmXvejdRXBvuF.jpg,2001,8.6,16000,125,en
34,Your Name,Two strangers find themselves linked in a bizarre way. When a connection forms will distance be the only thing to keep them apart?,Animation|Drama|Fantasy|Romance,Ryunosuke Kamiki|Mone Kamishiraishi|Ryo Narita,Makoto Shinkai,https://image.tmdb.org/t/p/w500/q719jXXEzOoYaps6babgKnONONX.jpg,https://image.tmdb.org/t/p/original/mMtUybQ6hL24FXo0F3Z4j2KG7kZ.jpg,2016,8.5,14000,106,en
35,Princess Mononoke,On a journey to find the cure for a Tatarigami's curse Ashitaka finds himself in the middle of a war between the forest gods and Tatara a mining colony.,Action|Adventure|Animation|Fantasy,Billy Crudup|Billy Bob Thornton|Minnie Driver,Hayao Miyazaki,https://image.tmdb.org/t/p/w500/jHXDEDDcGK8jFUzVCMJFYa4CrSW.jpg,https://image.tmdb.org/t/p/original/sW9T7dF93GBiOFf3v2mhf6jXnds.jpg,1997,8.4,12000,134,en
36,The Truman Show,An insurance salesman discovers his whole life is actually a reality TV show.,Comedy|Drama,Jim Carrey|Laura Linney|Noah Emmerich,Peter Weir,https://image.tmdb.org/t/p/w500/vuza0WqY239yBXOadKlGwJsZJFE.jpg,https://image.tmdb.org/t/p/original/p9nF8gULbHIBRtQlFRUTKMULRH8.jpg,1998,8.2,16000,103,en
37,Eternal Sunshine of the Spotless Mind,When their relationship turns sour a couple undergoes a medical procedure to have each other erased from their memories.,Drama|Romance|Science Fiction,Jim Carrey|Kate Winslet|Tom Wilkinson,Michel Gondry,https://image.tmdb.org/t/p/w500/5MwkWH9tYHv3mV9OqYdjusBXDzN.jpg,https://image.tmdb.org/t/p/original/lz7VBSM1tivbwbcRgjXjyZkLJIR.jpg,2004,8.3,14000,108,en
38,Requiem for a Dream,The drug-induced utopias of four Coney Island people are shattered when their addictions run deep.,Crime|Drama,Ellen Burstyn|Jared Leto|Jennifer Connelly,Darren Aronofsky,https://image.tmdb.org/t/p/w500/nOd6vjEmzCT0k4VYqsA2hwyi87C.jpg,https://image.tmdb.org/t/p/original/yQuHXuRxFh3r2TJmLCQMaI3YALJ.jpg,2000,8.3,13000,102,en
39,A Beautiful Mind,A story of the life of the brilliant and Nobel Prize-winning economist John Nash and his struggle with paranoid schizophrenia.,Biography|Drama|Romance,Russell Crowe|Ed Harris|Jennifer Connelly,Ron Howard,https://image.tmdb.org/t/p/w500/zwzWCmH72OSC9NA0ipoqynmberz.jpg,https://image.tmdb.org/t/p/original/j15yUqHD1OQBZ9NrJXLlbBpVvSX.jpg,2001,8.2,14000,135,en
40,The Pianist,A Polish Jewish musician struggles to survive the destruction of the Warsaw ghetto of World War II.,Biography|Drama|Music|War,Adrien Brody|Thomas Kretschmann|Frank Finlay,Roman Polanski,https://image.tmdb.org/t/p/w500/2hFvxCCWrTmCYwfy7yum0GKRi3Y.jpg,https://image.tmdb.org/t/p/original/5VEkgbTpYE8kHoImPTFBKpCRj8c.jpg,2002,8.5,14000,150,en
41,Memento,A man with short-term memory loss attempts to track down his wife's murderer.,Mystery|Thriller,Guy Pearce|Carrie-Anne Moss|Joe Pantoliano,Christopher Nolan,https://image.tmdb.org/t/p/w500/yuNs09hvpHVU1cMTCAJplXe16Xt.jpg,https://image.tmdb.org/t/p/original/glMAPCCfNDKjnVRCqfPZmLBF86b.jpg,2000,8.4,14000,113,en
42,American History X,A former neo-nazi skinhead tries to prevent his younger brother from going down the same wrong path that he did.,Crime|Drama,Edward Norton|Edward Furlong|Beverly D'Angelo,Tony Kaye,https://image.tmdb.org/t/p/w500/sKCr78MXSLixwmZ8DyJLrpMsd15.jpg,https://image.tmdb.org/t/p/original/lznSeUuNlBLkQ3tRqEW4UJnAEJb.jpg,1998,8.5,14000,119,en
43,Apocalypse Now,A U.S. Army officer serving in Vietnam is tasked with assassinating a renegade Special Forces Colonel who sees himself as a god.,Crime|Drama|War,Martin Sheen|Marlon Brando|Robert Duvall,Francis Ford Coppola,https://image.tmdb.org/t/p/w500/gQB8Y5RCMkv2zwzFHbUJX3kAigp.jpg,https://image.tmdb.org/t/p/original/8Yt0twBsOPnUEqKrJcHrq6VEXJZ.jpg,1979,8.4,13000,147,en
44,Alien,After a space merchant vessel perceives an unknown transmission as a distress call its landing on the source moon results in the encounter of a hostile lifeform.,Horror|Science Fiction,Sigourney Weaver|Tom Skerritt|John Hurt,Ridley Scott,https://image.tmdb.org/t/p/w500/vfrQk5IPloGg1v9Rzbh2Eg3VGyM.jpg,https://image.tmdb.org/t/p/original/AmR3JfHQ9pxgqmSLFJ0YrKfLVmR.jpg,1979,8.4,12000,117,en
45,Blade Runner 2049,Young Blade Runner K's discovery of a long-buried secret leads him to track down former Blade Runner Rick Deckard who's been missing for thirty years.,Drama|Mystery|Science Fiction|Thriller,Ryan Gosling|Harrison Ford|Ana de Armas,Denis Villeneuve,https://image.tmdb.org/t/p/w500/gajva2L0rPYkEWjzgFlBXCAVBE5.jpg,https://image.tmdb.org/t/p/original/sW9T7dF93GBiOFf3v2mhf6jXnds.jpg,2017,8.0,17000,164,en
46,Mad Max: Fury Road,In a post-apocalyptic wasteland a woman rebels against a tyrannical ruler in search for her homeland with the aid of a group of female prisoners a psychotic worshiper and a drifter named Max.,Action|Adventure|Science Fiction,Tom Hardy|Charlize Theron|Nicholas Hoult,George Miller,https://image.tmdb.org/t/p/w500/8tZYtuWezp8JbcsvHYO0O46tFbo.jpg,https://image.tmdb.org/t/p/original/phszHPFPqAOGEhzIGfahl7yLAdP.jpg,2015,8.1,21000,120,en
47,The Revenant,A frontiersman on a fur trading expedition in the 1820s fights for survival after being left for dead by members of his own hunting team.,Adventure|Drama|Western,Leonardo DiCaprio|Tom Hardy|Will Poulter,Alejandro González Iñárritu,https://image.tmdb.org/t/p/w500/ji3ecJphATlVgWNY0B0RVXZizya.jpg,https://image.tmdb.org/t/p/original/kMu11D9FzpGKdIlXvQCjBd6Mpwg.jpg,2015,8.0,18000,156,en
48,La La Land,While navigating their careers in Los Angeles a pianist and an actress fall in love while attempting to reconcile their aspirations for the future.,Comedy|Drama|Music|Romance,Ryan Gosling|Emma Stone|John Legend,Damien Chazelle,https://image.tmdb.org/t/p/w500/uDO8zWDhfWwoFdKS4fzkUJt0Bs0.jpg,https://image.tmdb.org/t/p/original/t3VAFMcGrZBXFGUOizBIKbxlIZQ.jpg,2016,8.0,17000,128,en
49,Get Out,A young African-American visits his white girlfriend's parents for the weekend where his simmering uneasiness about their reception of him eventually reaches a boiling point.,Horror|Mystery|Thriller,Daniel Kaluuya|Allison Williams|Bradley Whitford,Jordan Peele,https://image.tmdb.org/t/p/w500/tFXcEccSQMf3lfhfXKSU9iRBpa3.jpg,https://image.tmdb.org/t/p/original/kT6JBkzxjFPbaxHeDLtQpHqgKlS.jpg,2017,7.7,18000,104,en
50,Hereditary,When the matriarch of the Graham family passes away her daughter's family begins to unravel cryptic and terrifying secrets about their ancestry.,Drama|Horror|Mystery|Thriller,Toni Collette|Alex Wolff|Milly Shapiro,Ari Aster,https://image.tmdb.org/t/p/w500/p9Bhz5TBkBKn4HHFwsAeA0yKFzH.jpg,https://image.tmdb.org/t/p/original/ynBO8wYFEJ74FVRGoxVSM1xBfJG.jpg,2018,7.3,14000,127,en
51,Midsommar,A couple travels to Northern Europe to visit a rural hometown's fabled Swedish midsummer festival. What begins as an idyllic retreat quickly devolves into an increasingly violent and bizarre competition at the hands of a pagan cult.,Drama|Horror|Mystery,Florence Pugh|Jack Reynor|Vilhelm Blomgren,Ari Aster,https://image.tmdb.org/t/p/w500/7LEI8ulZzO5gy9Ww2NVCrKmHeDZ.jpg,https://image.tmdb.org/t/p/original/v2vBbGKF6aEkmtAnBEKvGKivkNg.jpg,2019,7.1,10000,148,en
52,The Social Network,As Harvard student Mark Zuckerberg creates the social networking site that would become known as Facebook he is sued by the twins who claimed he stole their idea and his co-founder who was later squeezed out of the business.,Biography|Drama,Jesse Eisenberg|Andrew Garfield|Justin Timberlake,David Fincher,https://image.tmdb.org/t/p/w500/n0ybibhJtQ5icDqTp8eRytcIHJx.jpg,https://image.tmdb.org/t/p/original/hDFnm9GJRzOHGPEDgtBXFAEamEB.jpg,2010,7.8,18000,120,en
53,Gone Girl,With his wife's disappearance having become the focus of an intense media circus a man sees the spotlight turned on him when it's suspected that he may not be innocent.,Crime|Drama|Mystery|Thriller,Ben Affleck|Rosamund Pike|Neil Patrick Harris,David Fincher,https://image.tmdb.org/t/p/w500/b9LBMR7xoB0AXIQT0nTAKBgGYQ.jpg,https://image.tmdb.org/t/p/original/ofiAF2eWvHPGqBIo6yrdm7TDGBE.jpg,2014,8.1,18000,149,en
54,Zodiac,A San Francisco cartoonist becomes an amateur detective obsessed with tracking down the Zodiac Killer an unidentified individual who terrorizes Northern California with a string of seemingly random murders.,Crime|Drama|Mystery|Thriller,Jake Gyllenhaal|Mark Ruffalo|Robert Downey Jr.,David Fincher,https://image.tmdb.org/t/p/w500/5REF74MjMUGbwRoB8lLPXNq6oNs.jpg,https://image.tmdb.org/t/p/original/2GlR4VimtS4DvD3AwnEJWCCMnx3.jpg,2007,7.7,12000,157,en
55,No Country for Old Men,Violence and mayhem ensue after a hunter stumbles upon a drug deal gone wrong and more than two million dollars in cash near the Rio Grande.,Crime|Drama|Thriller,Tommy Lee Jones|Javier Bardem|Josh Brolin,Joel Coen,https://image.tmdb.org/t/p/w500/2roCpiFOe3oiOevJA3IDAKxrg9M.jpg,https://image.tmdb.org/t/p/original/2KOWu4KU1lq6Rr3lBGaLJlYf7eL.jpg,2007,8.1,15000,122,en
56,There Will Be Blood,A story of family religion hatred oil and madness infused with Daniel Day-Lewis's stunning performance as a turn-of-the-century prospector.,Drama|History|Western,Daniel Day-Lewis|Paul Dano|Kevin J. O'Connor,Paul Thomas Anderson,https://image.tmdb.org/t/p/w500/fa0RDkAlCec0STeMNAhPaF89q6N.jpg,https://image.tmdb.org/t/p/original/3cxZQH3BEOfKYhXpFVJhRGUkiMb.jpg,2007,8.2,14000,158,en
57,Oldboy,After being kidnapped and imprisoned for fifteen years Oh Dae-Su is released only to find that he must find his captor in five days.,Action|Drama|Mystery|Thriller,Choi Min-sik|Yoo Ji-tae|Kang Hye-jeong,Park Chan-wook,https://image.tmdb.org/t/p/w500/pWDtjs568ZfOTMbURQBmHx2oTSs.jpg,https://image.tmdb.org/t/p/original/39e5YQfbCqOzHHYDCJKQhRCYJiw.jpg,2003,8.4,14000,120,en
58,City of God,In the slums of Rio two kids' paths diverge as one struggles to become a photographer and the other a kingpin.,Crime|Drama,Alexandre Rodrigues|Leandro Firmino|Phellipe Haagensen,Fernando Meirelles,https://image.tmdb.org/t/p/w500/k7eYdWvhYQyRQoU2TB2A2Xu2grZ.jpg,https://image.tmdb.org/t/p/original/gOFcbKSKmlOYhiMnSwxJrRRw9vP.jpg,2002,8.6,14000,130,en
59,Pan's Labyrinth,In the fascist Spain of 1944 the bookish young stepdaughter of a sadistic army officer escapes into an eerie but captivating fantasy world.,Drama|Fantasy|War,Ivana Baquero|Sergi López|Maribel Verdú,Guillermo del Toro,https://image.tmdb.org/t/p/w500/htykjm9BHnLMiNXtQVCuSMUmqWy.jpg,https://image.tmdb.org/t/p/original/zQpjHv1g3w5FnY7WIiJLPvJ5UcT.jpg,2006,8.2,14000,118,en
60,12 Years a Slave,In the antebellum United States Solomon Northup a free black man from upstate New York is abducted and sold into slavery.,Biography|Drama|History,Chiwetel Ejiofor|Michael Kenneth Williams|Michael Fassbender,Steve McQueen,https://image.tmdb.org/t/p/w500/xdANQijuNrJaGNQCaaxj2FsHgCR.jpg,https://image.tmdb.org/t/p/original/5VXLWF5T5RuB2LBhvrdCi9bKVLk.jpg,2013,8.1,15000,134,en
61,The Wolf of Wall Street,Based on the true story of Jordan Belfort from his rise to a wealthy stock-broker living the high life to his fall involving crime corruption and the federal government.,Biography|Comedy|Crime|Drama,Leonardo DiCaprio|Jonah Hill|Margot Robbie,Martin Scorsese,https://image.tmdb.org/t/p/w500/34m2tygAYBGqA9MXKhRDtzYd4MR.jpg,https://image.tmdb.org/t/p/original/bqS2lMgGkuodIXtDILFWTSWDDpa.jpg,2013,8.2,22000,180,en
62,Django Unchained,With the help of a German bounty hunter a freed slave sets out to rescue his wife from a brutal Mississippi plantation owner.,Drama|Western,Jamie Foxx|Christoph Waltz|Leonardo DiCaprio,Quentin Tarantino,https://image.tmdb.org/t/p/w500/7oWY8VDWW7thTzWh3OKYRkWcKfS.jpg,https://image.tmdb.org/t/p/original/571AUGMeWJBt0WgWTbKEOJj7RBD.jpg,2012,8.4,24000,165,en
63,Inglourious Basterds,In Nazi-occupied France during World War II a plan to assassinate Nazi leaders by a group of Jewish U.S. soldiers coincides with a theatre owner's vengeful plans for the same at the premiere of a major Nazi propaganda film.,Adventure|Drama|War,Brad Pitt|Diane Kruger|Eli Roth,Quentin Tarantino,https://image.tmdb.org/t/p/w500/7sfbEnaARXDDhKm0CZ7D7uc2sbo.jpg,https://image.tmdb.org/t/p/original/v6t1lhMDTmFB9MHAJHjGLpxVD2Y.jpg,2009,8.3,19000,153,en
64,The Hateful Eight,In the dead of a Wyoming winter a bounty hunter and his prisoner find shelter in a cabin currently inhabited by a collection of nefarious characters.,Mystery|Thriller|Western,Samuel L. Jackson|Kurt Russell|Jennifer Jason Leigh,Quentin Tarantino,https://image.tmdb.org/t/p/w500/tPBiCVsOGFBeFGnHzUQYpOqfHJh.jpg,https://image.tmdb.org/t/p/original/t3VAFMcGrZBXFGUOizBIKbxlIZQ.jpg,2015,7.8,14000,168,en
65,Once Upon a Time in Hollywood,A faded television actor and his stunt double strive to achieve fame and success in the final years of Hollywood's Golden Age in 1969 Los Angeles.,Comedy|Drama,Leonardo DiCaprio|Brad Pitt|Margot Robbie,Quentin Tarantino,https://image.tmdb.org/t/p/w500/8j58iEBw9pOXFD2L0nt0ZXeHviB.jpg,https://image.tmdb.org/t/p/original/drubzBavpABjN7G0iFNh3m4GGCP.jpg,2019,7.6,14000,161,en
66,The Grand Budapest Hotel,The adventures of Gustave H a legendary concierge at a famous European hotel between the wars and Zero Moustafa the lobby boy who becomes his most trusted friend.,Comedy|Crime|Drama,Ralph Fiennes|F. Murray Abraham|Mathieu Amalric,Wes Anderson,https://image.tmdb.org/t/p/w500/eWdyYQreja6JGCzqHWXpWHDrrPo.jpg,https://image.tmdb.org/t/p/original/w6XHFDkFGsCvLCpOTFXfkAEpPPw.jpg,2014,8.1,16000,100,en
67,Moonrise Kingdom,A pair of young lovers flee their New England town which causes a local search party to fan out to find them.,Adventure|Comedy|Drama|Romance,Bruce Willis|Edward Norton|Bill Murray,Wes Anderson,https://image.tmdb.org/t/p/w500/mfEupAMrVohzuRFdXg1AlEhzY6a.jpg,https://image.tmdb.org/t/p/original/4I7ECTOL65JEGzgpd8yN0SzEWgd.jpg,2012,7.9,10000,94,en
68,The Royal Tenenbaums,The eccentric members of a dysfunctional family reluctantly gather under the same roof for various reasons.,Comedy|Drama,Gene Hackman|Gwyneth Paltrow|Ben Stiller,Wes Anderson,https://image.tmdb.org/t/p/w500/sF1U4EUQS8YHUYjNl3pMGNIQyr0.jpg,https://image.tmdb.org/t/p/original/loRmRzQadnG3YtLHqoQmXNDupF2.jpg,2001,7.7,10000,110,en
69,Lost in Translation,A faded movie star and a neglected young woman form an unlikely bond after crossing paths in Tokyo.,Comedy|Drama|Romance,Bill Murray|Scarlett Johansson|Giovanni Ribisi,Sofia Coppola,https://image.tmdb.org/t/p/w500/4SFqHDZ1NvWdysucWbgnon7UIl.jpg,https://image.tmdb.org/t/p/original/lsT4qAHFiElR0jTlnLdYNEUiUoh.jpg,2003,7.7,11000,102,en
70,Her,In a near future a lonely writer develops an unlikely relationship with an operating system designed to meet his every need.,Drama|Romance|Science Fiction,Joaquin Phoenix|Amy Adams|Scarlett Johansson,Spike Jonze,https://image.tmdb.org/t/p/w500/eCOtqtfvn7mxGYNhTnhDyA8CLDH.jpg,https://image.tmdb.org/t/p/original/cyOkCExFbPqJ5p8zHLWfmxHFU0D.jpg,2013,8.0,14000,126,en
71,Arrival,A linguist works with the military to communicate with alien lifeforms after twelve mysterious spacecraft appear around the world.,Drama|Mystery|Science Fiction,Amy Adams|Jeremy Renner|Forest Whitaker,Denis Villeneuve,https://image.tmdb.org/t/p/w500/x2FJsf1ElAgr63Y3PNPtJrcmpoe.jpg,https://image.tmdb.org/t/p/original/figkGdStABHkNEzDhSdfSYTmHSg.jpg,2016,7.9,18000,116,en
72,Ex Machina,A young programmer is selected to participate in a ground-breaking experiment in synthetic intelligence by evaluating the human qualities of a breath-taking humanoid A.I.,Drama|Mystery|Science Fiction|Thriller,Domhnall Gleeson|Alicia Vikander|Oscar Isaac,Alex Garland,https://image.tmdb.org/t/p/w500/8eihUxjQsJ7WvGySkVMC0EwbPAD.jpg,https://image.tmdb.org/t/p/original/gPNLJJQQcVChAuSXUCTHScQIH3b.jpg,2014,7.7,14000,108,en
73,Annihilation,A biologist signs up for a dangerous secret expedition where the laws of nature don't apply.,Drama|Horror|Mystery|Science Fiction,Natalie Portman|Jennifer Jason Leigh|Gina Rodriguez,Alex Garland,https://image.tmdb.org/t/p/w500/d8MKpi0yFZQlAHPkMSjSnS3RTYY.jpg,https://image.tmdb.org/t/p/original/6VVqlHi6YAuBnfajYBTw6cRPnFD.jpg,2018,6.9,11000,115,en
74,Moon,Astronaut Sam Bell has a quintessential encounter with another of his kind during his last weeks of solitary work on the Moon.,Drama|Mystery|Science Fiction,Sam Rockwell|Kevin Spacey|Dominique McElligott,Duncan Jones,https://image.tmdb.org/t/p/w500/oIkQkEkwfmcG7IGpjzYaAAHeOLN.jpg,https://image.tmdb.org/t/p/original/f4B7jH2AubN27i2DGCmFMF5uu1V.jpg,2009,7.9,10000,97,en
75,District 9,An extraterrestrial race forced to live in slum-like conditions on Earth suddenly finds a kindred spirit in a government agent exposed to their biotechnology.,Action|Science Fiction|Thriller,Sharlto Copley|Jason Cope|Nathalie Boltt,Neill Blomkamp,https://image.tmdb.org/t/p/w500/tuGhlTHXQFm0GGVCqLOtHDIJqSK.jpg,https://image.tmdb.org/t/p/original/eDnkyDdIiS1i2lrMfYeSf5bpGKU.jpg,2009,7.9,14000,112,en
76,Children of Men,In 2027 in a chaotic world in which humans can no longer procreate a former activist agrees to help transport a miraculously pregnant woman to a sanctuary at sea.,Action|Drama|Science Fiction|Thriller,Clive Owen|Julianne Moore|Michael Caine,Alfonso Cuarón,https://image.tmdb.org/t/p/w500/m9UKeX5ZNkQMKf4TXGq0lH0OgdQ.jpg,https://image.tmdb.org/t/p/original/y5oBOd99AXrLnnp99eRMGGOA3SU.jpg,2006,7.9,14000,109,en
77,Gravity,Dr. Ryan Stone a brilliant medical engineer on her first shuttle mission with veteran astronaut Matt Kowalski is working when disaster strikes.,Drama|Science Fiction|Thriller,Sandra Bullock|George Clooney|Ed Harris,Alfonso Cuarón,https://image.tmdb.org/t/p/w500/ikwT0lTT3bJ3Pn1VRUSe1SFvmCC.jpg,https://image.tmdb.org/t/p/original/3fE0s6pU1o8ypOaXmm3Oa4igEeG.jpg,2013,7.7,18000,91,en
78,The Martian,An astronaut becomes stranded on Mars after his team assume him dead and must rely on his ingenuity to find a way to signal to Earth that he is alive.,Adventure|Drama|Science Fiction,Matt Damon|Jessica Chastain|Kristen Wiig,Ridley Scott,https://image.tmdb.org/t/p/w500/5aGhaIHYuQbqlHWvWYqMCnj40y2.jpg,https://image.tmdb.org/t/p/original/g5E1QaRoEJl3CfYTzAZlx9fFGzF.jpg,2015,8.0,18000,141,en
79,Dune,Feature film adaptation of Frank Herbert's science fiction novel about the son of a noble family entrusted with the protection of the most valuable asset in the galaxy.,Action|Adventure|Drama|Science Fiction,Timothée Chalamet|Rebecca Ferguson|Oscar Isaac,Denis Villeneuve,https://image.tmdb.org/t/p/w500/d5NXSklpcvkfXMfMWZFHqxLMKGz.jpg,https://image.tmdb.org/t/p/original/eeijkxIkGPJbWiueBw7GzFEiK4k.jpg,2021,7.9,18000,155,en
80,Spider-Man: Into the Spider-Verse,Teen Miles Morales becomes the Spider-Man of his universe and must join with five spider-powered individuals from other dimensions to stop a threat.,Action|Adventure|Animation|Science Fiction,Shameik Moore|Jake Johnson|Hailee Steinfeld,Bob Persichetti,https://image.tmdb.org/t/p/w500/iiZZdoQBEYBv6id8su7ImL0ek1C.jpg,https://image.tmdb.org/t/p/original/2kMlsRXUlhW4e5O7iVMCvR6g1IY.jpg,2018,8.4,18000,117,en
81,Knives Out,A detective investigates the death of a patriarch of an eccentric dysfunctional family.,Comedy|Crime|Drama|Mystery,Daniel Craig|Chris Evans|Ana de Armas,Rian Johnson,https://image.tmdb.org/t/p/w500/pThyQovXQrqVXkMDGDqKiWP3bJ0.jpg,https://image.tmdb.org/t/p/original/uBQ1pBt2K6hV8TqMaTvhpzZHXxb.jpg,2019,7.9,16000,130,en
82,Coco,Aspiring musician Miguel Rivera is magically transported to the Land of the Dead where he seeks the help of his deceased musician great-great-grandfather.,Adventure|Animation|Family|Music,Anthony Gonzalez|Gael García Bernal|Benjamin Bratt,Lee Unkrich,https://image.tmdb.org/t/p/w500/gGEsBPAijhVUFoiNpgZXqRVWJt2.jpg,https://image.tmdb.org/t/p/original/askg3SMvhqEl4OL52YuvdtY40Yb.jpg,2017,8.4,16000,105,en
83,Soul,After landing the gig of a lifetime a New York jazz musician suddenly finds himself trapped in a strange land between Earth and the afterlife.,Adventure|Animation|Comedy|Drama|Music,Jamie Foxx|Tina Fey|Graham Norton,Pete Docter,https://image.tmdb.org/t/p/w500/hm58fzdikflZDosB1PuNLBOfloU.jpg,https://image.tmdb.org/t/p/original/kf456ZqeC45XTvo6W9pW5clYKfQ.jpg,2020,8.1,15000,100,en
84,Inside Out,After young Riley is uprooted from her Midwest life and moved to San Francisco her emotions — Joy Fear Anger Disgust and Sadness — conflict on how best to navigate a new city school and life.,Animation|Comedy|Drama|Family,Amy Poehler|Bill Hader|Mindy Kaling,Pete Docter,https://image.tmdb.org/t/p/w500/aAmfIX37osiUNx6Y3JkwMnEMFN.jpg,https://image.tmdb.org/t/p/original/sVcLkGbMuBJCLTEzq3ufmwY60AX.jpg,2015,8.2,17000,95,en
85,Encanto,A young Colombian girl with an extraordinary family who each have magical gifts except for her sets out to discover the reason why her family lost their powers.,Animation|Comedy|Family|Fantasy,Stephanie Beatriz|María Cecilia Botero|John Leguizamo,Byron Howard,https://image.tmdb.org/t/p/w500/4j0PNHkMr5ax3IA8tjtxcmPU3QT.jpg,https://image.tmdb.org/t/p/original/3G1Q5xF40HkUBJXxt2DQgQzKTp5.jpg,2021,7.2,12000,99,en
86,The Incredibles,A family of undercover superheroes while trying to live the quiet suburban life is forced into action to save the world.,Action|Adventure|Animation|Family|Science Fiction,Craig T. Nelson|Holly Hunter|Samuel L. Jackson,Brad Bird,https://image.tmdb.org/t/p/w500/2LqaLgk4Z226KkgPJuiOQ58ShpD.jpg,https://image.tmdb.org/t/p/original/mVTFEiqf4D3qS3fmVGshNBQMTiY.jpg,2004,8.0,17000,115,en
87,Ratatouille,A rat who can cook makes an unusual alliance with a young kitchen worker at a famous Paris restaurant.,Adventure|Animation|Comedy|Family,Brad Garrett|Lou Romano|Patton Oswalt,Brad Bird,https://image.tmdb.org/t/p/w500/npHNjldbeTHdKKw28bJKs7lzqzj.jpg,https://image.tmdb.org/t/p/original/udU6ObW8M84ZGj8Z9RhgCXLJFWr.jpg,2007,8.1,16000,111,en
88,Frozen,When the newly crowned Queen Elsa accidentally uses her power to turn things into ice to curse her home in infinite winter her sister Anna teams up with a mountain man his playful reindeer and a snowman to change the weather condition.,Adventure|Animation|Comedy|Family|Fantasy,Kristen Bell|Idina Menzel|Jonathan Groff,Chris Buck,https://image.tmdb.org/t/p/w500/kgwjIb2JDHRhNk13lmSxiClFjVk.jpg,https://image.tmdb.org/t/p/original/6okH5WBV9AQFHRqbuJJVJSo7lbH.jpg,2013,7.4,19000,102,en
89,Moana,In Ancient Polynesia when a terrible curse incited by the Demigod Maui reaches Moana's island she answers the Ocean's call to seek out the demigod to set things right.,Adventure|Animation|Comedy|Family|Fantasy,Auli'i Cravalho|Dwayne Johnson|Rachel House,Ron Clements,https://image.tmdb.org/t/p/w500/lFudykoguOuTLZJSE9gNExLEsqg.jpg,https://image.tmdb.org/t/p/original/jrTMPJUhJbGVQXEsMumWdN7bDqv.jpg,2016,7.6,15000,107,en
90,The Avengers,Nick Fury of S.H.I.E.L.D. brings together a team of super humans to form The Avengers to help save the Earth from Loki and his army.,Action|Adventure|Science Fiction,Robert Downey Jr.|Chris Evans|Scarlett Johansson,Joss Whedon,https://image.tmdb.org/t/p/w500/RYMX2wcKCBAr24UyPD7KE3wdQEg.jpg,https://image.tmdb.org/t/p/original/kwsABHuDOLJuMi7sxj4zG2VBAS7.jpg,2012,8.0,27000,143,en
91,Black Panther,King T'Challa returns home from America to the reclusive technologically advanced African nation of Wakanda to serve as his country's new leader.,Action|Adventure|Science Fiction,Chadwick Boseman|Michael B. Jordan|Lupita Nyong'o,Ryan Coogler,https://image.tmdb.org/t/p/w500/uxzzxijgPIY7slzFvMotPv8wjKA.jpg,https://image.tmdb.org/t/p/original/6ELCZlTqDaHcNLTtEBs9nHzLFqb.jpg,2018,7.3,24000,134,en
92,Thor: Ragnarok,Imprisoned on the planet Sakaar Thor must race against time to return to Asgard and stop Ragnarök the destruction of his world at the hands of the powerful and ruthless villain Hela.,Action|Adventure|Comedy|Science Fiction,Chris Hemsworth|Tom Hiddleston|Cate Blanchett,Taika Waititi,https://image.tmdb.org/t/p/w500/rzRwTcFvttcN1ZpX2xv4j3tSdJu.jpg,https://image.tmdb.org/t/p/original/kaIfm5ryEOwOwNezLDmuBrOGmGH.jpg,2017,7.9,19000,130,en
93,Guardians of the Galaxy,Light years from Earth 26 years after being abducted a human named Peter Quill finds himself the prime target of a manhunt after discovering an orb wanted by Ronan the Accuser.,Action|Adventure|Comedy|Science Fiction,Chris Pratt|Vin Diesel|Bradley Cooper,James Gunn,https://image.tmdb.org/t/p/w500/y31QB9kn3XSudA15tV7UWQ9XLuW.jpg,https://image.tmdb.org/t/p/original/bHarw8xrmQeqf3t8HpLPm848tqL.jpg,2014,8.0,23000,121,en
94,Iron Man,After being held captive in an Afghan cave billionaire engineer Tony Stark creates a unique weaponized suit of armor to fight evil.,Action|Adventure|Science Fiction,Robert Downey Jr.|Terrence Howard|Jeff Bridges,Jon Favreau,https://image.tmdb.org/t/p/w500/78lPtwv72eTNqFW9COBF8l5eB8z.jpg,https://image.tmdb.org/t/p/original/cyecCCCUMHBFjGpMQmRkBbHjqKV.jpg,2008,7.9,25000,126,en
95,Wonder Woman,An Amazonian princess leaves her island home after American pilot Steve Trevor crash-lands and tells of a massive conflict raging in the outside world.,Action|Adventure|Fantasy|War,Gal Gadot|Chris Pine|Robin Wright,Patty Jenkins,https://image.tmdb.org/t/p/w500/imekS7f1OuHyUP2LAiTEM0zBzUz.jpg,https://image.tmdb.org/t/p/original/n2Jql5T8h0xTodvhGXPNmGtNDSf.jpg,2017,7.4,16000,141,en
96,Doctor Strange,While on a journey of physical and spiritual healing a brilliant neurosurgeon is drawn into the world of the mystic arts.,Action|Adventure|Fantasy|Science Fiction,Benedict Cumberbatch|Chiwetel Ejiofor|Rachel McAdams,Scott Derrickson,https://image.tmdb.org/t/p/w500/lu9aAWvHrJSfcUbixHLiuFbJBx.jpg,https://image.tmdb.org/t/p/original/bIlYH4l2AApHBBXDBRBQ7DSDRC7.jpg,2016,7.5,18000,115,en
97,Titanic,A seventeen-year-old aristocrat falls in love with a kind but poor artist aboard the luxurious ill-fated R.M.S. Titanic.,Drama|Romance,Leonardo DiCaprio|Kate Winslet|Billy Zane,James Cameron,https://image.tmdb.org/t/p/w500/9xjZS2rlVxm8SFx8kPC3aIGCOYQ.jpg,https://image.tmdb.org/t/p/original/kHXEpyfl6zqn8a6YuozZUujufXf.jpg,1997,7.9,23000,194,en
98,Avatar,A paraplegic Marine dispatched to the moon Pandora on a unique mission becomes torn between following his orders and protecting the world he feels is his home.,Action|Adventure|Fantasy|Science Fiction,Sam Worthington|Zoe Saldana|Sigourney Weaver,James Cameron,https://image.tmdb.org/t/p/w500/kyeqWdyUXW608qlYkRqosgbbJyK.jpg,https://image.tmdb.org/t/p/original/o0s4XsEDfDlvit5pDRKjzXR4pp2.jpg,2009,7.5,26000,162,en
99,Jurassic Park,A pragmatic paleontologist visiting an almost complete theme park is tasked with protecting a couple of kids after a power failure causes the park's cloned dinosaurs to run loose.,Adventure|Science Fiction|Thriller,Sam Neill|Laura Dern|Jeff Goldblum,Steven Spielberg,https://image.tmdb.org/t/p/w500/oU7Oq2kFAAlGqbU4VoAE36g4hoI.jpg,https://image.tmdb.org/t/p/original/r5YwkGFBnVOmPRbG4BCohEMPNeT.jpg,1993,7.9,17000,127,en
100,E.T. the Extra-Terrestrial,A troubled child summons the courage to help a friendly alien escape Earth and return to his home world.,Adventure|Family|Science Fiction,Henry Thomas|Drew Barrymore|Peter Coyote,Steven Spielberg,https://image.tmdb.org/t/p/w500/an0nD6uq6byfxXCfk6lQBzdPqhp.jpg,https://image.tmdb.org/t/p/original/5V7yNKN66KE2EPvwqbHKbPUZh4Q.jpg,1982,7.9,14000,115,en
101,Raiders of the Lost Ark,Archaeologist and adventurer Indiana Jones is hired by the U.S. government to find the Ark of the Covenant before the Nazis.,Action|Adventure,Harrison Ford|Karen Allen|Paul Freeman,Steven Spielberg,https://image.tmdb.org/t/p/w500/ceG9VzoRAVGwivFU403Wc3AHRys.jpg,https://image.tmdb.org/t/p/original/4qCqAdHcNKeAHcK8tJ8wNJnMB4f.jpg,1981,8.4,17000,115,en
102,Back to the Future,Marty McFly a 17-year-old high school student is accidentally sent 30 years into the past in a time-traveling DeLorean automobile built by eccentric scientist Dr. Emmett Brown.,Adventure|Comedy|Science Fiction,Michael J. Fox|Christopher Lloyd|Lea Thompson,Robert Zemeckis,https://image.tmdb.org/t/p/w500/fNOH9f1aA7XRTzl1sAOx9iF553Q.jpg,https://image.tmdb.org/t/p/original/mSteR9Rq0ERMbMo9TNGTIiaCVv5.jpg,1985,8.5,18000,116,en
103,The Terminator,A human soldier is sent from 2029 to 1984 to stop an almost indestructible cyborg killing machine sent from the same year which has been programmed to execute a young woman whose unborn son is the key to humanity's future salvation.,Action|Science Fiction|Thriller,Arnold Schwarzenegger|Linda Hamilton|Michael Biehn,James Cameron,https://image.tmdb.org/t/p/w500/qvktm0BHcnmDpul4Hz01GIazWPr.jpg,https://image.tmdb.org/t/p/original/pCxG3ZJJoguH0xVCBBcVWBKEAbm.jpg,1984,8.1,16000,108,en
104,Terminator 2: Judgment Day,A cyborg identical to the one who failed to kill Sarah Connor is sent back in time to protect her teenage son John from a more advanced and powerful cyborg.,Action|Science Fiction|Thriller,Arnold Schwarzenegger|Linda Hamilton|Edward Furlong,James Cameron,https://image.tmdb.org/t/p/w500/weVXMD5QBGeQil4HEkSAUZ2B3v.jpg,https://image.tmdb.org/t/p/original/5M0j0B18abtBI5gi3iGfYNkUhlr.jpg,1991,8.6,19000,137,en
105,Aliens,The colony on LV-426 has lost contact and marines must investigate and possibly eliminate the aliens responsible.,Action|Horror|Science Fiction|Thriller,Sigourney Weaver|Michael Biehn|Carrie Henn,James Cameron,https://image.tmdb.org/t/p/w500/r1x5JGpyqZU3tCTK8pVGbHuvWN.jpg,https://image.tmdb.org/t/p/original/ibzNgCzIdmhc9Z3XJHRxJV6t1m8.jpg,1986,8.4,17000,137,en
106,Die Hard,NYPD cop John McClane goes on a one-man mission to rescue hostages being held by terrorists in a Los Angeles skyscraper.,Action|Thriller,Bruce Willis|Alan Rickman|Bonnie Bedelia,John McTiernan,https://image.tmdb.org/t/p/w500/yFihWxQcmqcaBR31QM6Y8gT6aYV.jpg,https://image.tmdb.org/t/p/original/xBKGJQmGe5rE2cNo7WrhDMd8uqm.jpg,1988,8.2,17000,132,en
107,Speed,A young police officer must prevent a bomb exploding aboard a city bus by keeping its speed above 50 mph.,Action|Crime|Thriller,Keanu Reeves|Sandra Bullock|Dennis Hopper,Jan de Bont,https://image.tmdb.org/t/p/w500/9nJyXfLkGxkXFHWfFbDGtk2rOmS.jpg,https://image.tmdb.org/t/p/original/a8JDR4bHVAzYPnxTzaU1nIeQVGp.jpg,1994,7.3,13000,116,en
108,Mission: Impossible - Fallout,Ethan Hunt and his IMF team along with some familiar allies race against time after a mission gone wrong.,Action|Adventure|Thriller,Tom Cruise|Henry Cavill|Simon Pegg,Christopher McQuarrie,https://image.tmdb.org/t/p/w500/AkJQpZp9WoNdj7pLYSj1L0RcMMN.jpg,https://image.tmdb.org/t/p/original/5qxePyMYDisLe8rJiBYX8HKEyv2.jpg,2018,7.7,16000,147,en
109,John Wick,Ex-hitman John Wick comes out of retirement to track down the gangsters that killed his dog.,Action|Crime|Thriller,Keanu Reeves|Michael Nyqvist|Alfie Allen,Chad Stahelski,https://image.tmdb.org/t/p/w500/fZPSd91yGE9fCcCe6OoQr6E3Bev.jpg,https://image.tmdb.org/t/p/original/3TSwgpHcKAFiNXp5THuFPbdcgxX.jpg,2014,7.4,18000,101,en
110,Top Gun: Maverick,After more than 30 years of service as one of the Navy's top aviators Pete Maverick Mitchell is where he belongs pushing the envelope as a courageous test pilot.,Action|Drama,Tom Cruise|Jennifer Connelly|Miles Teller,Joseph Kosinski,https://image.tmdb.org/t/p/w500/62HCnUTziyWcpDaBO2i1DX17ljH.jpg,https://image.tmdb.org/t/p/original/z8onVMqFUnivgj37HgKr5p7HGVO.jpg,2022,8.3,18000,130,en
111,Oppenheimer,The story of American scientist J. Robert Oppenheimer and his role in the development of the atomic bomb.,Biography|Drama|History,Cillian Murphy|Emily Blunt|Robert Downey Jr.,Christopher Nolan,https://image.tmdb.org/t/p/w500/8Gxv8gSFCU0XGDykEGv7zR1n2ua.jpg,https://image.tmdb.org/t/p/original/rLb2cwF3Pazuxaj0sRXQ037tGI1.jpg,2023,8.3,18000,180,en
112,Barbie,Barbie and Ken are having the time of their lives in the colorful and seemingly perfect world of Barbie Land. However when they get a chance to go to the real world they soon discover the joys and perils of living among humans.,Comedy|Fantasy,Margot Robbie|Ryan Gosling|America Ferrera,Greta Gerwig,https://image.tmdb.org/t/p/w500/iuFNMS8vlbZxOkIKnofWBuwzKp.jpg,https://image.tmdb.org/t/p/original/nHf61UzkfFno5X1ofILZthAtzbh.jpg,2023,6.9,16000,114,en
113,Everything Everywhere All at Once,An aging Chinese immigrant is swept up in an insane adventure in which she alone can save the world by exploring other universes connecting with the lives she could have led.,Action|Adventure|Comedy|Science Fiction,Michelle Yeoh|Stephanie Hsu|Ke Huy Quan,Daniel Kwan,https://image.tmdb.org/t/p/w500/w3LxiVYdWWRvEVdn5RYq6jIqkb1.jpg,https://image.tmdb.org/t/p/original/sOzYVANmBEaxjwWFCEFBiClHJmW.jpg,2022,8.0,14000,139,en
114,The Batman,When the Riddler a sadistic serial killer begins murdering key political figures in Gotham Batman is forced to investigate the city's hidden corruption and question his family's involvement.,Action|Crime|Drama,Robert Pattinson|Zoë Kravitz|Paul Dano,Matt Reeves,https://image.tmdb.org/t/p/w500/74xTEgt7R36Fpooo50r9T25onhq.jpg,https://image.tmdb.org/t/p/original/suaEOmj9aKOQruGdQzFYdqdMGXN.jpg,2022,7.8,16000,176,en
115,Bohemian Rhapsody,The story of the legendary rock band Queen and lead singer Freddie Mercury leading up to their famous performance at Live Aid.,Biography|Drama|Music,Rami Malek|Lucy Boynton|Gwilym Lee,Bryan Singer,https://image.tmdb.org/t/p/w500/lHu1wtNaczFPGFDTrjCSzeLPTKN.jpg,https://image.tmdb.org/t/p/original/9pa2PJ4sNr7E3WT6HrfIDiFlnQe.jpg,2018,7.9,21000,134,en
116,Rocketman,A musical fantasy about the fantastical human story of Elton John's breakthrough years.,Biography|Drama|Music,Taron Egerton|Jamie Bell|Richard Madden,Dexter Fletcher,https://image.tmdb.org/t/p/w500/8yxDjIr52DKS5LgdFY1gHFm65H7.jpg,https://image.tmdb.org/t/p/original/kxl2xzGa5UcNLZuA7LjCcaNbMnz.jpg,2019,7.7,12000,121,en
117,Mamma Mia!,The story of a bride-to-be trying to find her real father told using hit songs by the popular music group ABBA.,Comedy|Family|Musical|Romance,Meryl Streep|Pierce Brosnan|Amanda Seyfried,Phyllida Lloyd,https://image.tmdb.org/t/p/w500/b6Ia78TdwfxBWc8XkHa9Mf8jA0Q.jpg,https://image.tmdb.org/t/p/original/lgHeMQPZnv6fWnDhKlqZ8kW2oXK.jpg,2008,6.4,12000,108,en
118,Chicago,A satire set in the 1920s about aspiring showgirl Roxie Hart and vaudevillian Velma Kelly fighting for the spotlight after both have murdered their lovers.,Comedy|Crime|Drama|Musical|Romance,Renée Zellweger|Catherine Zeta-Jones|Richard Gere,Rob Marshall,https://image.tmdb.org/t/p/w500/fw9Fph6s8pCUPVhJeKLOjxjLuuU.jpg,https://image.tmdb.org/t/p/original/c2HaMMkQzGaBdCjfcSDXC9RJv3S.jpg,2002,7.2,12000,113,en
119,La Dolce Vita,A series of episodic adventures of Marcello a journalist struggling to find his place in the world torn between the allure of Rome's elite social scene and the stifling domesticity offered by his girlfriend.,Drama,Marcello Mastroianni|Anita Ekberg|Anouk Aimée,Federico Fellini,https://image.tmdb.org/t/p/w500/8cL7fgQfWaRs8nRHa8CcWEjSacM.jpg,https://image.tmdb.org/t/p/original/3cP3jOdlKmRj1pPFkY7Jxh33XN5.jpg,1960,8.0,10000,174,en
120,8½,A director reflects on the past and present as he struggles to create a movie and deal with the pressures of his artistic and personal life.,Drama|Fantasy,Marcello Mastroianni|Anouk Aimée|Sandro Milo,Federico Fellini,https://image.tmdb.org/t/p/w500/eT0RTfwOhPJSMKi2ckmWFxaLiAH.jpg,https://image.tmdb.org/t/p/original/1r9pVlGHHrIBsXs1i0HuoEfnPT8.jpg,1963,8.1,9000,138,it
121,Seven Samurai,A poor village under attack by bandits recruits seven unemployed samurai to help them defend themselves.,Action|Adventure|Drama,Toshiro Mifune|Takashi Shimura|Keiko Tsushima,Akira Kurosawa,https://image.tmdb.org/t/p/w500/8OKmBV5BUFzmozIC3pPWKHy17kx.jpg,https://image.tmdb.org/t/p/original/s6EclXorjKFU7jNxeEU0YMKYBTH.jpg,1954,8.6,11000,207,ja
122,Rashomon,A samurai's death is recalled by four witnesses all with different stories.,Crime|Drama|Mystery,Toshiro Mifune|Machiko Kyo|Masayuki Mori,Akira Kurosawa,https://image.tmdb.org/t/p/w500/kYkceV3j2GBx7tTRgCKCf44nFSp.jpg,https://image.tmdb.org/t/p/original/kYkceV3j2GBx7tTRgCKCf44nFSp.jpg,1950,8.2,9000,88,ja
123,Psycho,A Phoenix secretary embezzles forty thousand dollars from her employer's client and encounters a young motel proprietor too much under the domination of his mother.,Horror|Mystery|Thriller,Anthony Perkins|Janet Leigh|Vera Miles,Alfred Hitchcock,https://image.tmdb.org/t/p/w500/yz4QVqPx3h851K1sTTTwLnQLgCR.jpg,https://image.tmdb.org/t/p/original/eB0UiYMFF2R3WoSuWFbBr2bupvx.jpg,1960,8.5,13000,109,en
124,Vertigo,A San Francisco detective suffering from acrophobia investigates the strange activities of an old friend's wife falling dangerously in love with her.,Mystery|Romance|Thriller,James Stewart|Kim Novak|Barbara Bel Geddes,Alfred Hitchcock,https://image.tmdb.org/t/p/w500/5TQiAJs4q6xyZMlRtQF1k5cSoUI.jpg,https://image.tmdb.org/t/p/original/7j6NMxEEuQWrORLnhQp9Zqrr2Wg.jpg,1958,8.4,10000,128,en
125,2001: A Space Odyssey,After discovering a mysterious artifact buried beneath the Lunar surface mankind sets off on a quest to find its origins with help from intelligent supercomputer H.A.L. 9000.,Adventure|Science Fiction,Keir Dullea|Gary Lockwood|William Sylvester,Stanley Kubrick,https://image.tmdb.org/t/p/w500/ve72VxNqjGM69Uky4WTo2bK6rfH.jpg,https://image.tmdb.org/t/p/original/rSpLqLFgaVxYzKeauKhPFD9zb4c.jpg,1968,8.3,12000,139,en
126,A Clockwork Orange,In the future a sadistic gang leader is imprisoned and volunteers for a conduct-aversion experiment but it doesn't go as planned.,Crime|Drama|Science Fiction,Malcolm McDowell|Patrick Magee|Michael Bates,Stanley Kubrick,https://image.tmdb.org/t/p/w500/qRHOLCPMQZYEPFAUwTIloaOcMRo.jpg,https://image.tmdb.org/t/p/original/9fcT7Bz9FFMV7kH7pKdXGkRtGHh.jpg,1971,8.3,11000,136,en
127,The Shining,A family heads to an isolated hotel for the winter where an evil presence influences the father into violence while his psychic son sees horrific forebodings from the past and the future.,Drama|Horror,Jack Nicholson|Shelley Duvall|Danny Lloyd,Stanley Kubrick,https://image.tmdb.org/t/p/w500/b6ko0IKC8MdYBBPkkA1aBPLe2yz.jpg,https://image.tmdb.org/t/p/original/2Ol7kFJOKyPbzPJ0E0fDzRoSVXL.jpg,1980,8.4,16000,144,en
128,Full Metal Jacket,A pragmatic U.S. Marine observes the dehumanizing effects that the Vietnam War has on his fellow recruits from their brutal boot camp training to the bloody battle for Hue City.,Drama|War,Matthew Modine|R. Lee Ermey|Vincent D'Onofrio,Stanley Kubrick,https://image.tmdb.org/t/p/w500/bDz0vRViYCMEjBfR0K34wbKiWxs.jpg,https://image.tmdb.org/t/p/original/b4fOCjhp7aZsYcWS85CpHkJgMzd.jpg,1987,8.3,13000,116,en
129,Se7en,Two detectives a rookie and a veteran hunt a serial killer who uses the seven deadly sins as his motives.,Crime|Drama|Mystery|Thriller,Brad Pitt|Morgan Freeman|Kevin Spacey,David Fincher,https://image.tmdb.org/t/p/w500/6yoghtyTpznpBik8EngEmJskVnS.jpg,https://image.tmdb.org/t/p/original/d4fEAgd4X71akt5QRfCPPmKbpHJ.jpg,1995,8.6,20000,127,en
130,Reservoir Dogs,When a simple jewelry heist goes horribly wrong the surviving criminals begin to suspect that one of them is a police informant.,Crime|Drama|Thriller,Harvey Keitel|Tim Roth|Michael Madsen,Quentin Tarantino,https://image.tmdb.org/t/p/w500/lsBn8SUqMVM8bCn9JSWdBEwbtBP.jpg,https://image.tmdb.org/t/p/original/yqEbKFjRDvVqBRIK0MIqvfV2Sq0.jpg,1992,8.1,15000,99,en
131,3 Idiots,Two friends are searching for their long lost companion. They revisit their college days and recall the memories of their friend who inspired them to think differently.,Comedy|Drama,Aamir Khan|R. Madhavan|Sharman Joshi,Rajkumar Hirani,https://image.tmdb.org/t/p/w500/qK0CQBpA6B7N328uQx0UXXYjUXX.jpg,https://image.tmdb.org/t/p/original/tUv80R0q6eR186XNqE6y21o3p0p.jpg,2009,8.0,4250,170,hi
132,Dangal,Former wrestler Mahavir Singh Phogat and his two wrestler daughters struggle towards glory at the Commonwealth Games in the face of societal oppression.,Action|Biography|Drama,Aamir Khan|Fatima Sana Shaikh|Sanya Malhotra,Nitesh Tiwari,https://image.tmdb.org/t/p/w500/yWKGp8rR6OaQhdYQeQjF2N8E79.jpg,https://image.tmdb.org/t/p/original/1QnIfx1E3U1WkGk4P5d5G3N5C0z.jpg,2016,8.3,3500,161,hi
133,RRR,A fictitious story about two legendary Indian revolutionaries and their journey away from home before they started fighting for their country in 1920s.,Action|Drama,N.T. Rama Rao Jr.|Ram Charan|Alia Bhatt,S.S. Rajamouli,https://image.tmdb.org/t/p/w500/nEufeZlyAOLqO2brrs0yeF1lgHO.jpg,https://image.tmdb.org/t/p/original/21Q8bzu10YF9i4O5amBkJBombYo.jpg,2022,7.8,2100,187,te
134,Jawan,A high-octane action thriller which outlines the emotional journey of a man who is set to rectify the wrongs in society.,Action|Thriller,Shah Rukh Khan|Nayanthara|Vijay Sethupathi,Atlee,https://image.tmdb.org/t/p/w500/jILeVkBBXQ1rSDB4VwG2NeqB1vH.jpg,https://image.tmdb.org/t/p/original/71T2cZp7K70pYlVq14zZ5O05M5u.jpg,2023,7.2,1500,169,hi
135,Sholay,"After his family is murdered by a notorious and ruthless bandit, a former police officer enlists the services of two outlaws to capture the bandit.",Action|Adventure|Comedy,Dharmendra|Amitabh Bachchan|Sanjeev Kumar,Ramesh Sippy,https://image.tmdb.org/t/p/w500/xO1yM05pU30Vf85J6K4E0pYlVq.jpg,https://image.tmdb.org/t/p/original/l6Bw3m0Y03Bw2uV1f6tP0Z5G2rY.jpg,1975,8.1,2200,204,hi
136,Dilwale Dulhania Le Jayenge,"When Raj meets Simran in Europe, it isn't love at first sight, but when Simran moves to India for an arranged marriage, love makes its presence felt.",Drama|Romance,Shah Rukh Khan|Kajol|Amrish Puri,Aditya Chopra,https://image.tmdb.org/t/p/w500/2CAL2433j2hRhFcwvkb1dC1iQO4.jpg,https://image.tmdb.org/t/p/original/6K2C10x6f1Z7tO6A3U0n2E8Y0E6.jpg,1995,7.9,4800,189,hi
137,Oppenheimer,"The story of American scientist, J. Robert Oppenheimer, and his role in the development of the atomic bomb.",Biography|Drama|History,Cillian Murphy|Emily Blunt|Matt Damon,Christopher Nolan,https://image.tmdb.org/t/p/w500/8Gxv8gSFCU0XGDykEGv7zR1n2ua.jpg,https://image.tmdb.org/t/p/original/fm6KqXpk3M2HVveHwCrBRoPeO0Z.jpg,2023,8.3,8900,180,en
138,Dune: Part Two,Paul Atreides unites with Chani and the Fremen while on a warpath of revenge against the conspirators who destroyed his family.,Action|Adventure|Sci-Fi,Timothée Chalamet|Zendaya|Rebecca Ferguson,Denis Villeneuve,https://image.tmdb.org/t/p/w500/1pdfLvkbY9ohJlCjQH2JGjjcNsV.jpg,https://image.tmdb.org/t/p/original/xOMo8BRK7PfcJv9JCnx7s5hj0PX.jpg,2024,8.4,5200,166,en
139,Barbie,Barbie suffers a crisis that leads her to question her world and her existence.,Comedy|Fantasy,Margot Robbie|Ryan Gosling|America Ferrera,Greta Gerwig,https://image.tmdb.org/t/p/w500/iuFNMS8U5cb6xfzi51Dbkovj7vM.jpg,https://image.tmdb.org/t/p/original/ctMserH8g2SeOAnCw5gFjdQF8mo.jpg,2023,7.0,7500,114,en
140,Spider-Man: Across the Spider-Verse,"Miles Morales catapults across the Multiverse, where he encounters a team of Spider-People charged with protecting its very existence.",Animation|Action|Adventure,Shameik Moore|Hailee Steinfeld|Brian Tyree Henry,Joaquim Dos Santos,https://image.tmdb.org/t/p/w500/8Vt6mWEReuy4Of61Lnj5Xj704m8.jpg,https://image.tmdb.org/t/p/original/4HodYYKEIsGOdinkGi2Ucz6X9i0.jpg,2023,8.6,6100,140,en
141,Poor Things,"The incredible tale about the fantastical evolution of Bella Baxter, a young woman brought back to life by the brilliant and unorthodox scientist Dr. Godwin Baxter.",Comedy|Drama|Romance,Emma Stone|Mark Ruffalo|Willem Dafoe,Yorgos Lanthimos,https://image.tmdb.org/t/p/w500/kCGlIMHnOm8PhwovCtiidSSXfD8.jpg,https://image.tmdb.org/t/p/original/8rpDcsfLJypbO6vtec059c1vR6U.jpg,2023,7.9,4200,141,en
